{
  "products": [
    {
      "name": "teste",
      "price": "12",
      "id": 4
    },
    {
      "name": "capa de chuva",
      "price": "50.50",
      "id": 5
    },
    {
      "name": "teclado",
      "price": "110",
      "id": 6
    },
    {
      "name": "cadeira",
      "price": "200",
      "id": 7
    },
    {
      "name": "mouse",
      "price": "60",
      "id": 8
    },
    {
      "name": "suporte monitor",
      "price": "120",
      "id": 9
    },
    {
      "name": "cabo hdmi",
      "price": "10",
      "id": 11
    },
    {
      "name": "suporte microfone",
      "price": "60",
      "id": 12
    },
    {
      "name": "suporte microfone 2",
      "price": "70",
      "id": 14
    },
    {
      "name": "suporte microfone 3",
      "price": "75",
      "id": 15
    },
    {
      "name": "teste",
      "price": "1",
      "id": 16
    },
    {
      "name": "teste",
      "price": "2",
      "id": 17
    },
    {
      "name": "adsas",
      "price": "1",
      "id": 18
    },
    {
      "name": "teste",
      "price": "5",
      "id": 19
    },
    {
      "name": "teste",
      "price": "5",
      "id": 20
    },
    {
      "name": "teste",
      "price": "5",
      "id": 21
    },
    {
      "name": "teste",
      "price": "5",
      "id": 22
    },
    {
      "name": "teste",
      "price": "5",
      "id": 23
    },
    {
      "name": "teste",
      "price": "5",
      "id": 24
    },
    {
      "name": "xaxa",
      "price": "1",
      "id": 25
    }
  ]
}